
{
      "massiv1": [ 0, 0.02429, 0.04865, 0.07275, 0.09629, 0.11898, 0.14056, 0.1608, 0.17948, 0.19641, 0.21142, 0.22437, 0.23514, 0.24361, 0.24972, 0.25341, 0.25464, 
        0.25341, 0.24972, 0.24361, 0.23514, 0.22437, 0.21142, 0.19641, 0.17948, 0.1608, 0.14056, 0.11898, 0.09629, 0.07275, 0.04865, 0.02429, 0],
      "massiv2": [0, 0.03027, 0.05859, 0.08496, 0.10938, 0.13184, 0.15234, 0.17089, 0.18750, 0.20215, 0.21484, 0.22559, 0.23438, 0.24121, 0.24609, 0.24902, 0.25000, 
        0.24902, 0.24609, 0.24121, 0.23438, 0.22559, 0.21484, 0.20215, 0.18750, 0.17089, 0.15234, 0.13184, 0.10938, 0.08496, 0.05859, 0.03027, 0]
}